{"cameraMode":{"drawMode":0,"name":"Shaded","section":"Shading Mode"},"sceneLighting":false,"audioPlay":false,"sceneViewState":{"m_AlwaysRefresh":false,"showFog":true,"showSkybox":false,"showFlares":true,"showImageEffects":true,"showParticleSystems":true,"showVisualEffectGraphs":true,"m_FxEnabled":true},"in2DMode":false,"pivot":{"x":0.07982037961483002,"y":4.5805230140686039,"z":11.905339241027832},"rotation":{"x":0.03718465939164162,"y":-0.46402883529663088,"z":0.01950041577219963,"w":0.8848255276679993},"size":0.3045397400856018,"orthographic":true}