{"cameraMode":{"drawMode":0,"name":"Shaded","section":"Shading Mode"},"sceneLighting":false,"audioPlay":false,"sceneViewState":{"m_AlwaysRefresh":false,"showFog":true,"showSkybox":false,"showFlares":true,"showImageEffects":true,"showParticleSystems":true,"showVisualEffectGraphs":true,"m_FxEnabled":true},"in2DMode":false,"pivot":{"x":0.05800630524754524,"y":4.605416774749756,"z":12.007741928100586},"rotation":{"x":-0.07060754299163819,"y":0.06339452415704727,"z":-0.004496628884226084,"w":-0.9954788088798523},"size":0.24775579571723939,"orthographic":true}